ranking,word,word count,probability
1,RT,441,0.04785675529028757
2,#Democracy,321,0.03483450895279436
3,,247,0.026804123711340205
4,!,200,0.02170374389582203
5,#democracy,198,0.02148670645686381
6,#BecauseOfNehru,129,0.01399891481280521
7,4,111,0.012045577862181226
8,indian,103,0.011177428106348345
9,#Pakistan,96,0.010417797069994574
10,#BlackDay,95,0.010309278350515464
11,#FreeBalochs,95,0.010309278350515464
12,@MediaVsIndia:,93,0.010092240911557243
13,&amp;,92,0.009983722192078133
14,@DrJwalaG:,78,0.008464460119370592
15,#Democracy.,71,0.007704829083016821
16,http://t.co/jLc5ny7PVP,68,0.00737927292457949
17,@INCAseemKP:,56,0.006077048290830168
18,http:…,49,0.005317417254476397
19,I,42,0.004557786218122626
20,If,42,0.004557786218122626
21,need,41,0.004449267498643516
22,pay,40,0.004340748779164406
23,TOLL,40,0.004340748779164406
24,silent,40,0.004340748779164406
25,TAX?,40,0.004340748779164406
26,not,40,0.004340748779164406
27,Did,40,0.004340748779164406
28,#MediaWhores?,40,0.004340748779164406
29,Shout!,40,0.004340748779164406
30,#Raped.,40,0.004340748779164406
31,#AK,40,0.004340748779164406
32,Go,40,0.004340748779164406
33,biggest,39,0.004232230059685296
34,http://t.co/1GQ…,36,0.003906673901247965
35,The,34,0.003689636462289745
36,u,33,0.003581117742810635
37,They,32,0.003472599023331525
38,place,32,0.003472599023331525
39,http:/…,31,0.0033640803038524143
40,@Swamy39,31,0.0033640803038524143
41,traitor,30,0.0032555615843733042
42,#mosque,30,0.0032555615843733042
43,think,30,0.0032555615843733042
44,non,30,0.0032555615843733042
45,worship,30,0.0032555615843733042
46,checkup,30,0.0032555615843733042
47,&amp;destroyer,30,0.0032555615843733042
48,face,30,0.0032555615843733042
49,mental,30,0.0032555615843733042
50,#Maldives,29,0.003147042864894194
51,Israel,29,0.003147042864894194
52,take,28,0.003038524145415084
53,r,28,0.003038524145415084
54,one,28,0.003038524145415084
55,#spit,28,0.003038524145415084
56,#bastard,28,0.003038524145415084
57,forced,28,0.003038524145415084
58,please,27,0.002930005425935974
59,#Jusitce,27,0.002930005425935974
60,pillar,27,0.002930005425935974
61,merger,27,0.002930005425935974
62,help,27,0.002930005425935974
63,subjudice,27,0.002930005425935974
64,DrJwalaG:,27,0.002930005425935974
65,invited,26,0.0028214867064568637
66,anyone,26,0.0028214867064568637
67,find,26,0.0028214867064568637
68,2#slap,26,0.0028214867064568637
69,good,26,0.0028214867064568637
70,All,26,0.0028214867064568637
71,him2mentalhospital,26,0.0028214867064568637
72,What,25,0.0027129679869777536
73,In,23,0.0024959305480195333
74,@PMOIndia,23,0.0024959305480195333
75,main,21,0.002278893109061313
76,Kerala,21,0.002278893109061313
77,It's,21,0.002278893109061313
78,n,21,0.002278893109061313
79,matter.,21,0.002278893109061313
80,Pls,20,0.002170374389582203
81,How,19,0.002061855670103093
82,@crguna,19,0.002061855670103093
83,And,19,0.002061855670103093
84,change,19,0.002061855670103093
85,http://t.co/71FPQd5biy,19,0.002061855670103093
86,A,19,0.002061855670103093
87,#India,18,0.0019533369506239827
88,Assembly,18,0.0019533369506239827
89,#AAP,18,0.0019533369506239827
90,always,18,0.0019533369506239827
91,KILLED,17,0.0018448182311448726
92,outside!,17,0.0018448182311448726
93,@AOLSwamiji:,17,0.0018448182311448726
94,announced,17,0.0018448182311448726
95,WE,17,0.0018448182311448726
96,says:,17,0.0018448182311448726
97,BAN,17,0.0018448182311448726
98,inside,17,0.0018448182311448726
99,CJI,17,0.0018448182311448726
100,CANT,17,0.0018448182311448726
101,Legislative,17,0.0018448182311448726
102,oday,17,0.0018448182311448726
103,India,16,0.0017362995116657625
104,That's,16,0.0017362995116657625
105,@Israel:,16,0.0017362995116657625
106,like,15,0.0016277807921866521
107,#democracy.,15,0.0016277807921866521
108,it's,15,0.0016277807921866521
109,meeting,15,0.0016277807921866521
110,@FollowSnehaHere:,14,0.001519262072707542
111,Internal,14,0.001519262072707542
112,numbers.,14,0.001519262072707542
113,nowhere.,14,0.001519262072707542
114,depends,14,0.001519262072707542
115,#Sto…,14,0.001519262072707542
116,attended,14,0.001519262072707542
117,Those,14,0.001519262072707542
118,opinion,14,0.001519262072707542
119,#Voters.,14,0.001519262072707542
120,#Israel,14,0.001519262072707542
121,evolve,14,0.001519262072707542
122,who've,14,0.001519262072707542
123,tough,14,0.001519262072707542
124,consensus.,14,0.001519262072707542
125,difficulty,14,0.001519262072707542
126,Even,14,0.001519262072707542
127,right?,14,0.001519262072707542
128,know.,14,0.001519262072707542
129,large,14,0.001519262072707542
130,Is,13,0.0014107433532284319
131,get,13,0.0014107433532284319
132,#BJP,13,0.0014107433532284319
133,separate,12,0.0013022246337493217
134,based,12,0.0013022246337493217
135,say,12,0.0013022246337493217
136,Art!,12,0.0013022246337493217
137,parliamentary,12,0.0013022246337493217
138,legislative,12,0.0013022246337493217
139,#Dexterous,12,0.0013022246337493217
140,#Apparently,12,0.0013022246337493217
141,Art,12,0.0013022246337493217
142,person,12,0.0013022246337493217
143,used,12,0.0013022246337493217
144,unicameral,12,0.0013022246337493217
145,judicial,12,0.0013022246337493217
146,news,12,0.0013022246337493217
147,Big,12,0.0013022246337493217
148,it!,12,0.0013022246337493217
149,word,12,0.0013022246337493217
150,force,12,0.0013022246337493217
151,@lawr…,12,0.0013022246337493217
152,Law,11,0.0011937059142702116
153,#…,11,0.0011937059142702116
154,#Democracy?,11,0.0011937059142702116
155,This,11,0.0011937059142702116
156,Read,10,0.0010851871947911015
157,extrajudicial,10,0.0010851871947911015
158,side,10,0.0010851871947911015
159,bring,10,0.0010851871947911015
160,paid,10,0.0010851871947911015
161,#Lynching,10,0.0010851871947911015
162,#rapists,10,0.0010851871947911015
163,!On,10,0.0010851871947911015
164,Nothing,10,0.0010851871947911015
165,punishment!Not,10,0.0010851871947911015
166,#Indian,10,0.0010851871947911015
167,#InternalDemocra…,10,0.0010851871947911015
168,interviewed,10,0.0010851871947911015
169,#Nag…,10,0.0010851871947911015
170,But,10,0.0010851871947911015
171,want,10,0.0010851871947911015
172,vote,9,0.0009766684753119914
173,still,9,0.0009766684753119914
174,control,9,0.0009766684753119914
175,Celebrating,9,0.0009766684753119914
176,right,9,0.0009766684753119914
177,Elections,9,0.0009766684753119914
178,Please,9,0.0009766684753119914
179,#Kerala,9,0.0009766684753119914
180,#MvInjustice,8,0.0008681497558328812
181,Crisis,8,0.0008681497558328812
182,#media,8,0.0008681497558328812
183,gutsy,8,0.0008681497558328812
184,#Journalist,8,0.0008681497558328812
185,http://t.co/uzBBIJ…,8,0.0008681497558328812
186,bodies.,8,0.0008681497558328812
187,success,8,0.0008681497558328812
188,#elections,8,0.0008681497558328812
189,voting,8,0.0008681497558328812
190,#PartialEmergency,8,0.0008681497558328812
191,@Ostrov_A:,8,0.0008681497558328812
192,resident,8,0.0008681497558328812
193,http://t.co/C9OLrZjbZA,8,0.0008681497558328812
194,don’t,8,0.0008681497558328812
195,Leader,8,0.0008681497558328812
196,matures,8,0.0008681497558328812
197,justifies,8,0.0008681497558328812
198,00,8,0.0008681497558328812
199,medium,8,0.0008681497558328812
200,poisoning,8,0.0008681497558328812
201,manifestation,8,0.0008681497558328812
202,doesn't,8,0.0008681497558328812
203,#mirror,8,0.0008681497558328812
204,nation,8,0.0008681497558328812
205,http://t.co/k…,8,0.0008681497558328812
206,Why,8,0.0008681497558328812
207,till,8,0.0008681497558328812
208,http…,8,0.0008681497558328812
209,Guv,8,0.0008681497558328812
210,Allowing,8,0.0008681497558328812
211,govt.!,8,0.0008681497558328812
212,#Dictator.,8,0.0008681497558328812
213,✵,8,0.0008681497558328812
214,Day,8,0.0008681497558328812
215,Not,8,0.0008681497558328812
216,Today,8,0.0008681497558328812
217,"""demeaning""the",8,0.0008681497558328812
218,propagandist.,8,0.0008681497558328812
219,anti-national,8,0.0008681497558328812
220,Sir,8,0.0008681497558328812
221,called,8,0.0008681497558328812
222,others,8,0.0008681497558328812
223,info,8,0.0008681497558328812
224,governs,8,0.0008681497558328812
225,Hebron…but,8,0.0008681497558328812
226,world's,8,0.0008681497558328812
227,protectee?,8,0.0008681497558328812
228,just4,8,0.0008681497558328812
229,people,8,0.0008681497558328812
230,#IsraelEX,8,0.0008681497558328812
231,understand,8,0.0008681497558328812
232,citizen,8,0.0008681497558328812
233,250,8,0.0008681497558328812
234,country,8,0.0008681497558328812
235,them.,8,0.0008681497558328812
236,watch,8,0.0008681497558328812
237,executive,8,0.0008681497558328812
238,Election,8,0.0008681497558328812
239,do.,8,0.0008681497558328812
240,#India!,8,0.0008681497558328812
241,Ban,8,0.0008681497558328812
242,#Arnab,8,0.0008681497558328812
243,#Justice,8,0.0008681497558328812
244,beautiful,8,0.0008681497558328812
245,#Opposition,8,0.0008681497558328812
246,850,8,0.0008681497558328812
247,settler,8,0.0008681497558328812
248,@BenSoffa:,8,0.0008681497558328812
249,SPG,8,0.0008681497558328812
250,@timesnow,8,0.0008681497558328812
251,#MUST…,7,0.000759631036353771
252,day,7,0.000759631036353771
253,oppose.…,7,0.000759631036353771
254,#freedom,7,0.000759631036353771
255,make,7,0.000759631036353771
256,political,7,0.000759631036353771
257,#StopMerger,7,0.000759631036353771
258,Discourse,7,0.000759631036353771
259,People,7,0.000759631036353771
260,@ShashiTharoor,7,0.000759631036353771
261,never,7,0.000759631036353771
262,important,6,0.0006511123168746609
263,eat,6,0.0006511123168746609
264,survive.,6,0.0006511123168746609
265,leader,6,0.0006511123168746609
266,taking,6,0.0006511123168746609
267,"#democracy""",6,0.0006511123168746609
268,#GandhiStatue,6,0.0006511123168746609
269,@shaftil:,6,0.0006511123168746609
270,@ndtv,6,0.0006511123168746609
271,#Freedom,6,0.0006511123168746609
272,#Capitalism,6,0.0006511123168746609
273,#ponder,6,0.0006511123168746609
274,happened,6,0.0006511123168746609
275,mail,6,0.0006511123168746609
276,#FTIL,6,0.0006511123168746609
277,democracy,6,0.0006511123168746609
278,@loveenatandon:,6,0.0006511123168746609
279,When,6,0.0006511123168746609
280,celebrates,6,0.0006511123168746609
281,Just,6,0.0006511123168746609
282,@CN…,6,0.0006511123168746609
283,@David_Cameron,6,0.0006511123168746609
284,@KejriwalFirSe1,6,0.0006511123168746609
285,prison,6,0.0006511123168746609
286,election,6,0.0006511123168746609
287,MLA,6,0.0006511123168746609
288,#Public,6,0.0006511123168746609
289,d,6,0.0006511123168746609
290,@rahuludani1:,6,0.0006511123168746609
291,release,6,0.0006511123168746609
292,http://t.co/PwR…,6,0.0006511123168746609
293,matter,6,0.0006511123168746609
294,#Democr…,6,0.0006511123168746609
295,friendship,6,0.0006511123168746609
296,March,6,0.0006511123168746609
297,ever,6,0.0006511123168746609
298,#System,6,0.0006511123168746609
299,oldest,6,0.0006511123168746609
300,@anjali_damania,5,0.0005425935973955507
301,@UNDPasiapac,5,0.0005425935973955507
302,#China,5,0.0005425935973955507
303,power,5,0.0005425935973955507
304,#undp4youth,5,0.0005425935973955507
305,?,5,0.0005425935973955507
306,real,5,0.0005425935973955507
307,@iQ_Abhishek,5,0.0005425935973955507
308,https://t.co/rsuT6qpbS7,5,0.0005425935973955507
309,party,5,0.0005425935973955507
310,Bhutanese,5,0.0005425935973955507
311,present,5,0.0005425935973955507
312,minister,5,0.0005425935973955507
313,@Vidyut.,5,0.0005425935973955507
314,#vote,5,0.0005425935973955507
315,road,5,0.0005425935973955507
316,man,5,0.0005425935973955507
317,#HumanRights,5,0.0005425935973955507
318,sir,5,0.0005425935973955507
319,#un4youth,5,0.0005425935973955507
320,@Noella_Richard:,5,0.0005425935973955507
321,controlled.,5,0.0005425935973955507
322,#IdeaOfIndia,5,0.0005425935973955507
323,@IsraelMFA:,5,0.0005425935973955507
324,#StopMerg…,5,0.0005425935973955507
325,wear,5,0.0005425935973955507
326,Idea,5,0.0005425935973955507
327,#Pluralism,5,0.0005425935973955507
328,@UNDP,5,0.0005425935973955507
329,#youthnow,5,0.0005425935973955507
330,nothing,5,0.0005425935973955507
331,Everything,5,0.0005425935973955507
332,#india,5,0.0005425935973955507
333,beyond,5,0.0005425935973955507
334,Nope.,5,0.0005425935973955507
335,better,5,0.0005425935973955507
336,democratic,5,0.0005425935973955507
337,rather,5,0.0005425935973955507
338,must,5,0.0005425935973955507
339,would,5,0.0005425935973955507
340,criticise,5,0.0005425935973955507
341,free,5,0.0005425935973955507
342,#youth,5,0.0005425935973955507
343,@cntraveller,4,0.0004340748779164406
344,#murder,4,0.0004340748779164406
345,@haveeru,4,0.0004340748779164406
346,https://t.co/Y2UfhDvQju,4,0.0004340748779164406
347,@Mausoom_Maus:,4,0.0004340748779164406
348,are2,4,0.0004340748779164406
349,made,4,0.0004340748779164406
350,count,4,0.0004340748779164406
351,#Apple,4,0.0004340748779164406
352,condone,4,0.0004340748779164406
353,#KeralaBudget,4,0.0004340748779164406
354,Enforcement,4,0.0004340748779164406
355,No,4,0.0004340748779164406
356,!!,4,0.0004340748779164406
357,@IsraelinDenmark:,4,0.0004340748779164406
358,@DanielGennaoui:,4,0.0004340748779164406
359,#Malayalees,4,0.0004340748779164406
360,stake!,4,0.0004340748779164406
361,happens,4,0.0004340748779164406
362,New,4,0.0004340748779164406
363,Man,4,0.0004340748779164406
364,http://t.co/vakWTzjR4p,4,0.0004340748779164406
365,"A""respected""",4,0.0004340748779164406
366,#leadership,4,0.0004340748779164406
367,Be,4,0.0004340748779164406
368,#Crimea,4,0.0004340748779164406
369,citizenship.,4,0.0004340748779164406
370,#secular,4,0.0004340748779164406
371,@IsraelAtlanta:,4,0.0004340748779164406
372,State.,4,0.0004340748779164406
373,@RashtrapatiBhvn,4,0.0004340748779164406
374,Opposition!,4,0.0004340748779164406
375,Any,4,0.0004340748779164406
376,many,4,0.0004340748779164406
377,#Hipocrisy,4,0.0004340748779164406
378,#democracy.Wht,4,0.0004340748779164406
379,ISIS.,4,0.0004340748779164406
380,erased,4,0.0004340748779164406
381,Nation.,4,0.0004340748779164406
382,@RoshanSdrprop:,4,0.0004340748779164406
383,Guess,4,0.0004340748779164406
384,duty,4,0.0004340748779164406
385,neither,4,0.0004340748779164406
386,behind,4,0.0004340748779164406
387,Hours,4,0.0004340748779164406
388,btw,4,0.0004340748779164406
389,http://t.co/bHz8Ps96k2,4,0.0004340748779164406
390,vision,4,0.0004340748779164406
391,shd,4,0.0004340748779164406
392,#MidEast,4,0.0004340748779164406
393,thrives,4,0.0004340748779164406
394,@ablho:,4,0.0004340748779164406
395,ho,4,0.0004340748779164406
396,proud,4,0.0004340748779164406
397,Burma,4,0.0004340748779164406
398,needs.,4,0.0004340748779164406
399,otherwise-look,4,0.0004340748779164406
400,http://t.co/7HtRx7YsUJ,4,0.0004340748779164406
401,#Controversy,4,0.0004340748779164406
402,#religiousattack,4,0.0004340748779164406
403,bribes!,4,0.0004340748779164406
404,https://t.co/PgFTruAo1N,4,0.0004340748779164406
405,"""rationale""",4,0.0004340748779164406
406,@ArvindGaur:,4,0.0004340748779164406
407,thei…,4,0.0004340748779164406
408,#shameonindia,4,0.0004340748779164406
409,http://t.co/71FPQdmMa6,4,0.0004340748779164406
410,british,4,0.0004340748779164406
411,http://t.co/R…,4,0.0004340748779164406
412,http://t…,4,0.0004340748779164406
413,bacha,4,0.0004340748779164406
414,Expel,4,0.0004340748779164406
415,ji.,4,0.0004340748779164406
416,#RaiseYourVoice,4,0.0004340748779164406
417,petition,4,0.0004340748779164406
418,Narrow,4,0.0004340748779164406
419,speaker's,4,0.0004340748779164406
420,One,4,0.0004340748779164406
421,roam,4,0.0004340748779164406
422,#Constitution,4,0.0004340748779164406
423,regulation,4,0.0004340748779164406
424,#Entrepreneurship,4,0.0004340748779164406
425,Who,4,0.0004340748779164406
426,#Hell,4,0.0004340748779164406
427,#Challenges,4,0.0004340748779164406
428,fit!,4,0.0004340748779164406
429,Israeli,4,0.0004340748779164406
430,#churchvandalism,4,0.0004340748779164406
431,Traffic,4,0.0004340748779164406
432,#Pakistan.,4,0.0004340748779164406
433,Think,4,0.0004340748779164406
434,…,4,0.0004340748779164406
435,#Communism,4,0.0004340748779164406
436,#election2015,4,0.0004340748779164406
437,#journalism,4,0.0004340748779164406
438,case.,4,0.0004340748779164406
439,returns!,4,0.0004340748779164406
440,guilty,4,0.0004340748779164406
441,#parliamentary,4,0.0004340748779164406
442,#RanDhihaFaheh?,4,0.0004340748779164406
443,body,4,0.0004340748779164406
444,http://t.co/tsz8P5goYN,4,0.0004340748779164406
445,#democrac…,4,0.0004340748779164406
446,guy,4,0.0004340748779164406
447,Pansare,4,0.0004340748779164406
448,#freespeech,4,0.0004340748779164406
449,more:,4,0.0004340748779164406
450,#BomBaebs,4,0.0004340748779164406
451,#LongWalkToFreedom,4,0.0004340748779164406
452,votes.,4,0.0004340748779164406
453,chair,4,0.0004340748779164406
454,Allende.,4,0.0004340748779164406
455,votes!,4,0.0004340748779164406
456,"Tune""",4,0.0004340748779164406
457,RahulSnoopFarce,4,0.0004340748779164406
458,#confused,4,0.0004340748779164406
459,ago,4,0.0004340748779164406
460,died,4,0.0004340748779164406
461,Atleast,4,0.0004340748779164406
462,picture,4,0.0004340748779164406
463,started,4,0.0004340748779164406
464,votes:Israel's,4,0.0004340748779164406
465,throw,4,0.0004340748779164406
466,taken,4,0.0004340748779164406
467,http://t.co/uJEoxsVQKx,4,0.0004340748779164406
468,http://t.co/JxEtvMhsaA,4,0.0004340748779164406
469,http://t.co/1GQlQBGQGr,4,0.0004340748779164406
470,today:,4,0.0004340748779164406
471,accepts,4,0.0004340748779164406
472,ven,4,0.0004340748779164406
473,Look,4,0.0004340748779164406
474,"""respected""",4,0.0004340748779164406
475,journalist,4,0.0004340748779164406
476,wwo,4,0.0004340748779164406
477,Beep,4,0.0004340748779164406
478,dead,4,0.0004340748779164406
479,Beef,4,0.0004340748779164406
480,#HaveYourS…,4,0.0004340748779164406
481,Whatever,4,0.0004340748779164406
482,yielded,4,0.0004340748779164406
483,apart,4,0.0004340748779164406
484,biz,4,0.0004340748779164406
485,xecutive,4,0.0004340748779164406
486,#VHP,4,0.0004340748779164406
487,khatm,4,0.0004340748779164406
488,Last,4,0.0004340748779164406
489,innocent,4,0.0004340748779164406
490,#BeingChange,4,0.0004340748779164406
491,guaranteed,4,0.0004340748779164406
492,hai,4,0.0004340748779164406
493,Happy,4,0.0004340748779164406
494,bastard.,4,0.0004340748779164406
495,VHP.,4,0.0004340748779164406
496,@HYDTP,4,0.0004340748779164406
497,people!,4,0.0004340748779164406
498,"""A",4,0.0004340748779164406
499,mistake,4,0.0004340748779164406
500,VHP,4,0.0004340748779164406
501,#Democratic,4,0.0004340748779164406
502,much,4,0.0004340748779164406
503,.,4,0.0004340748779164406
504,#RahulProfiling,4,0.0004340748779164406
505,now.,4,0.0004340748779164406
506,Tharawaddy,4,0.0004340748779164406
507,Shiit,4,0.0004340748779164406
508,chamber;,4,0.0004340748779164406
509,stripped,4,0.0004340748779164406
510,#BoycottMaldives,4,0.0004340748779164406
511,Music,4,0.0004340748779164406
512,#,4,0.0004340748779164406
513,fair,4,0.0004340748779164406
514,#SadButTrue,4,0.0004340748779164406
515,bad,4,0.0004340748779164406
516,bars...,4,0.0004340748779164406
517,dy,4,0.0004340748779164406
518,banned,4,0.0004340748779164406
519,Free,4,0.0004340748779164406
520,earth,4,0.0004340748779164406
521,#india.,4,0.0004340748779164406
522,@NelsonMandela,4,0.0004340748779164406
523,kr,4,0.0004340748779164406
524,Common,4,0.0004340748779164406
525,exec,4,0.0004340748779164406
526,#Morality,4,0.0004340748779164406
527,-,4,0.0004340748779164406
528,@IsraelinSA:,4,0.0004340748779164406
529,us..??!!#democracy,4,0.0004340748779164406
530,king,4,0.0004340748779164406
531,murder,4,0.0004340748779164406
532,Welcome!,4,0.0004340748779164406
533,rakho,4,0.0004340748779164406
534,power.,4,0.0004340748779164406
535,koi,4,0.0004340748779164406
536,#StopRape,4,0.0004340748779164406
537,Indian,4,0.0004340748779164406
538,17?,4,0.0004340748779164406
539,nhi,4,0.0004340748779164406
540,@travelchannel,4,0.0004340748779164406
541,#Democra…,4,0.0004340748779164406
542,@AlamMaldives:,4,0.0004340748779164406
543,Wow,4,0.0004340748779164406
544,Four,4,0.0004340748779164406
545,#Vote,4,0.0004340748779164406
546,yr,4,0.0004340748779164406
547,yo,4,0.0004340748779164406
548,baat,4,0.0004340748779164406
549,#Google,4,0.0004340748779164406
550,-Proved,4,0.0004340748779164406
551,#presidentpranab,4,0.0004340748779164406
552,#MDP,4,0.0004340748779164406
553,♥,4,0.0004340748779164406
554,questioning,4,0.0004340748779164406
555,win!,4,0.0004340748779164406
556,thing,4,0.0004340748779164406
557,#Syrians,4,0.0004340748779164406
558,Russian,4,0.0004340748779164406
559,Peak,4,0.0004340748779164406
560,two,4,0.0004340748779164406
561,armed,4,0.0004340748779164406
562,elections?,4,0.0004340748779164406
563,balance,4,0.0004340748779164406
564,strong,4,0.0004340748779164406
565,jate,4,0.0004340748779164406
566,situation,4,0.0004340748779164406
567,#Ukraine,4,0.0004340748779164406
568,movement,4,0.0004340748779164406
569,hich,4,0.0004340748779164406
570,#2Face,4,0.0004340748779164406
571,enjoy,4,0.0004340748779164406
572,these,4,0.0004340748779164406
573,today.,4,0.0004340748779164406
574,minded,4,0.0004340748779164406
575,@NikeSkywalker:,4,0.0004340748779164406
576,Accounts?,4,0.0004340748779164406
577,#RahulSnoopFarce,4,0.0004340748779164406
578,#Diffrences,4,0.0004340748779164406
579,unrest,4,0.0004340748779164406
580,Nasheed,3,0.00032555615843733043
581,world,3,0.00032555615843733043
582,It,3,0.00032555615843733043
583,importance,3,0.00032555615843733043
584,literate,3,0.00032555615843733043
585,#KeralaChaos,3,0.00032555615843733043
586,#unrulyMLAs,3,0.00032555615843733043
587,crime,3,0.00032555615843733043
588,We,3,0.00032555615843733043
589,not.,3,0.00032555615843733043
590,urge,3,0.00032555615843733043
591,की,3,0.00032555615843733043
592,13th,3,0.00032555615843733043
593,#IWD2015,3,0.00032555615843733043
594,low,3,0.00032555615843733043
595,http://t.co…,3,0.00032555615843733043
596,corrupted,3,0.00032555615843733043
597,India's,3,0.00032555615843733043
598,true,3,0.00032555615843733043
599,article,3,0.00032555615843733043
600,Dharna,3,0.00032555615843733043
601,@_mansoor1:,3,0.00032555615843733043
602,country.,3,0.00032555615843733043
603,see,3,0.00032555615843733043
604,#Irony…,3,0.00032555615843733043
605,https://t.co/L2xcxOI7f8,3,0.00032555615843733043
606,@deepakmercy:,3,0.00032555615843733043
607,court,3,0.00032555615843733043
608,#wordpress,3,0.00032555615843733043
609,work,3,0.00032555615843733043
610,#Truth,3,0.00032555615843733043
611,via,3,0.00032555615843733043
612,#Conclave15,3,0.00032555615843733043
613,#politics,3,0.00032555615843733043
614,protest,3,0.00032555615843733043
615,#MakingOfIndia,2,0.0002170374389582203
616,#MobJustice,2,0.0002170374389582203
617,#Stinking,2,0.0002170374389582203
618,yourself!!,2,0.0002170374389582203
619,@ravishndtv,2,0.0002170374389582203
620,@stellasglobe:,2,0.0002170374389582203
621,@lawragahsaka,2,0.0002170374389582203
622,intra,2,0.0002170374389582203
623,#WakeUp,2,0.0002170374389582203
624,whether,2,0.0002170374389582203
625,@umakantsingh_in:,2,0.0002170374389582203
626,pull,2,0.0002170374389582203
627,dumb.Is,2,0.0002170374389582203
628,लोकतंत्र,2,0.0002170374389582203
629,http://…,2,0.0002170374389582203
630,Rape,2,0.0002170374389582203
631,stand,2,0.0002170374389582203
632,stop.,2,0.0002170374389582203
633,#Beijing20,2,0.0002170374389582203
634,@UN_Women:,2,0.0002170374389582203
635,@Third_Position:,2,0.0002170374389582203
636,#pr,2,0.0002170374389582203
637,http://t.co/lhyKsY5rW2,2,0.0002170374389582203
638,riveting,2,0.0002170374389582203
639,Government,2,0.0002170374389582203
640,#Rwanda,2,0.0002170374389582203
641,primary,2,0.0002170374389582203
642,Dr.,2,0.0002170374389582203
643,@quizderek,2,0.0002170374389582203
644,become,2,0.0002170374389582203
645,#finance,2,0.0002170374389582203
646,women”-,2,0.0002170374389582203
647,presidential,2,0.0002170374389582203
648,#democracy?,2,0.0002170374389582203
649,work!,2,0.0002170374389582203
650,money,2,0.0002170374389582203
651,United,2,0.0002170374389582203
652,without,2,0.0002170374389582203
653,http://t.co/UQ9UZs1F8S,2,0.0002170374389582203
654,@VinceChepkwony,2,0.0002170374389582203
655,document,2,0.0002170374389582203
656,largest,2,0.0002170374389582203
657,#power,2,0.0002170374389582203
658,#US,2,0.0002170374389582203
659,different,2,0.0002170374389582203
660,emocracy,2,0.0002170374389582203
661,You,2,0.0002170374389582203
662,#Indians,2,0.0002170374389582203
663,-&gt;,2,0.0002170374389582203
664,Together,2,0.0002170374389582203
665,waste,2,0.0002170374389582203
666,Get,2,0.0002170374389582203
667,Sure,2,0.0002170374389582203
668,can't,2,0.0002170374389582203
669,Result,2,0.0002170374389582203
670,suppressed,2,0.0002170374389582203
671,fanatic,2,0.0002170374389582203
672,#World's,2,0.0002170374389582203
673,#DEMOCRACY,2,0.0002170374389582203
674,#obama,2,0.0002170374389582203
675,Demanding,2,0.0002170374389582203
676,Good,2,0.0002170374389582203
677,#TheFearlessIndian:,2,0.0002170374389582203
678,–,2,0.0002170374389582203
679,elected,2,0.0002170374389582203
680,view,2,0.0002170374389582203
681,candidate:,2,0.0002170374389582203
682,Mirage,2,0.0002170374389582203
683,had!,2,0.0002170374389582203
684,@Shehzad_Ind,2,0.0002170374389582203
685,endless,2,0.0002170374389582203
686,#Islamic,2,0.0002170374389582203
687,voted.,2,0.0002170374389582203
688,Punj,2,0.0002170374389582203
689,@ArvindKejriwal,2,0.0002170374389582203
690,watching,2,0.0002170374389582203
691,Robust,2,0.0002170374389582203
692,#government,2,0.0002170374389582203
693,Meanwhile,2,0.0002170374389582203
694,#London,2,0.0002170374389582203
695,corner,2,0.0002170374389582203
696,@UNPeacekeeping,2,0.0002170374389582203
697,@mediacrooks,2,0.0002170374389582203
698,http://t.co/mQfon7bzig,2,0.0002170374389582203
699,Murdoch's,2,0.0002170374389582203
700,#capitalism,2,0.0002170374389582203
701,@V1bhavHeaRt:,2,0.0002170374389582203
702,#IND,2,0.0002170374389582203
703,Sukuriyyaaa,2,0.0002170374389582203
704,@TIBETANS,2,0.0002170374389582203
705,#ShameOnSharad,2,0.0002170374389582203
706,Reforms:,2,0.0002170374389582203
707,Electoral,2,0.0002170374389582203
708,#netanyahu,2,0.0002170374389582203
709,beggar,2,0.0002170374389582203
710,back,2,0.0002170374389582203
711,@IbrahimShad:,2,0.0002170374389582203
712,http://t.co/5c7TpiTzEH,2,0.0002170374389582203
713,@ayush2448,2,0.0002170374389582203
714,Ibengwé,2,0.0002170374389582203
715,conversation,2,0.0002170374389582203
716,language,2,0.0002170374389582203
717,care,2,0.0002170374389582203
718,together..its,2,0.0002170374389582203
719,Canadians,2,0.0002170374389582203
720,surely,2,0.0002170374389582203
721,http://t.co/OkPDcixSEp,2,0.0002170374389582203
722,Very,2,0.0002170374389582203
723,year,2,0.0002170374389582203
724,Liberty,2,0.0002170374389582203
725,#documentary,2,0.0002170374389582203
726,KAR,2,0.0002170374389582203
727,name,2,0.0002170374389582203
728,'@france_nouvelle:@LindaKagyu,2,0.0002170374389582203
729,#MiddleEast,2,0.0002170374389582203
730,@Purushayog,2,0.0002170374389582203
731,police,2,0.0002170374389582203
732,king.”,2,0.0002170374389582203
733,Peace:,2,0.0002170374389582203
734,States,2,0.0002170374389582203
735,@rahulkanwal,2,0.0002170374389582203
736,disrespecting,2,0.0002170374389582203
737,#WakeUpNow,2,0.0002170374389582203
738,British,2,0.0002170374389582203
739,“There,2,0.0002170374389582203
740,may,2,0.0002170374389582203
741,??,2,0.0002170374389582203
742,#CHN,2,0.0002170374389582203
743,#Filthy,2,0.0002170374389582203
744,#genderequality,2,0.0002170374389582203
745,#Help,2,0.0002170374389582203
746,Our,2,0.0002170374389582203
747,democracy.,2,0.0002170374389582203
748,@hrw,2,0.0002170374389582203
749,http://t.co/CleIiMuOIz”,2,0.0002170374389582203
750,given,2,0.0002170374389582203
751,'Every,2,0.0002170374389582203
752,#Rangzen,2,0.0002170374389582203
753,#SharadYadav,2,0.0002170374389582203
754,@alfonslopeztena,2,0.0002170374389582203
755,Gertrude,2,0.0002170374389582203
756,#Democracy...!!!,2,0.0002170374389582203
757,@Aneela_Nadar,2,0.0002170374389582203
758,@StateDept,2,0.0002170374389582203
759,wait,2,0.0002170374389582203
760,@INCAseemKP,2,0.0002170374389582203
761,#FairTrial,2,0.0002170374389582203
762,@Tibetans,2,0.0002170374389582203
763,America,2,0.0002170374389582203
764,pristine,2,0.0002170374389582203
765,#RetroPosition,2,0.0002170374389582203
766,possibilities!,2,0.0002170374389582203
767,dealing,2,0.0002170374389582203
768,@ibnkhabar,2,0.0002170374389582203
769,try,2,0.0002170374389582203
770,society.,2,0.0002170374389582203
771,@dwatchnews,2,0.0002170374389582203
772,deal:,2,0.0002170374389582203
773,relating,2,0.0002170374389582203
774,@opencinema:,2,0.0002170374389582203
775,http://t.co/LyCSFI8fsH,2,0.0002170374389582203
776,restored,2,0.0002170374389582203
777,KGB,2,0.0002170374389582203
778,@TheEconomist,2,0.0002170374389582203
779,Tibet,2,0.0002170374389582203
780,@Qureshi560:,2,0.0002170374389582203
781,To,2,0.0002170374389582203
782,develop',2,0.0002170374389582203
783,@MoonisElahi6,2,0.0002170374389582203
784,http://t.co/EFlbTIOoS7,2,0.0002170374389582203
785,ur,2,0.0002170374389582203
786,therefore,2,0.0002170374389582203
787,suit,2,0.0002170374389582203
788,stop,2,0.0002170374389582203
789,Gaumu!,2,0.0002170374389582203
790,#ST5film,2,0.0002170374389582203
791,#democracy…,2,0.0002170374389582203
792,#InternalDemocracy!,2,0.0002170374389582203
793,@raghulsudheesh,2,0.0002170374389582203
794,works.,2,0.0002170374389582203
795,countries..Islam,2,0.0002170374389582203
796,run,2,0.0002170374389582203
797,@TrafflineHyd:,2,0.0002170374389582203
798,women.,2,0.0002170374389582203
799,#pressfreedom,2,0.0002170374389582203
800,@jeeturaaj,2,0.0002170374389582203
801,@milesjreed,2,0.0002170374389582203
802,deaf,2,0.0002170374389582203
803,old,2,0.0002170374389582203
804,http://t.co/oFoMXGwK2q,2,0.0002170374389582203
805,surprise:,2,0.0002170374389582203
806,govt,2,0.0002170374389582203
807,#iran,2,0.0002170374389582203
808,#politicians,2,0.0002170374389582203
809,“@IntThings:,2,0.0002170374389582203
810,hat,2,0.0002170374389582203
811,63.8%,2,0.0002170374389582203
812,#StopC51,2,0.0002170374389582203
813,Suciede,2,0.0002170374389582203
814,Bibi,2,0.0002170374389582203
815,sentence,2,0.0002170374389582203
816,@JM_Scindia,2,0.0002170374389582203
817,corporate,2,0.0002170374389582203
818,Raghul,2,0.0002170374389582203
819,@MRDcoin,2,0.0002170374389582203
820,opportunity,2,0.0002170374389582203
821,@ishaantharoor,2,0.0002170374389582203
822,#IndiasDaughter,2,0.0002170374389582203
823,wheel,2,0.0002170374389582203
824,President,2,0.0002170374389582203
825,http://t.co/SrfMGS8bGq,2,0.0002170374389582203
826,http://t.co/FOa0xHUjxb,2,0.0002170374389582203
827,Balbir,2,0.0002170374389582203
828,#Equality,2,0.0002170374389582203
829,@mjakbar,2,0.0002170374389582203
830,secret,2,0.0002170374389582203
831,Richard,2,0.0002170374389582203
832,#democracy!,2,0.0002170374389582203
833,@Akashtv1:,2,0.0002170374389582203
834,nutshell.,2,0.0002170374389582203
835,mean,2,0.0002170374389582203
836,day4nascent,2,0.0002170374389582203
837,http://t.co/5yfc4Od1Rw,2,0.0002170374389582203
838,opposition,2,0.0002170374389582203
839,#JustSaying,2,0.0002170374389582203
840,thrive,2,0.0002170374389582203
841,won,2,0.0002170374389582203
842,@mveconomy:,2,0.0002170374389582203
843,individual,2,0.0002170374389582203
844,#NasheedSentenced,2,0.0002170374389582203
845,#Talibani,2,0.0002170374389582203
846,@protest,2,0.0002170374389582203
847,@benedictrogers,2,0.0002170374389582203
848,sure,2,0.0002170374389582203
849,#revolution,2,0.0002170374389582203
850,democratic.,2,0.0002170374389582203
851,#Rotten,2,0.0002170374389582203
852,http://t.co/a67vAvcWQZ,2,0.0002170374389582203
853,nominated,2,0.0002170374389582203
854,saying,2,0.0002170374389582203
855,Rupert,2,0.0002170374389582203
856,humanitarian,2,0.0002170374389582203
857,@JohnMcKayLib,2,0.0002170374389582203
858,#C51DayOfAction,2,0.0002170374389582203
859,parliamentarian,2,0.0002170374389582203
860,Peace,2,0.0002170374389582203
861,#democracyinaction,2,0.0002170374389582203
862,#Politicians,2,0.0002170374389582203
863,#India?,2,0.0002170374389582203
864,“@wisdom943:,2,0.0002170374389582203
865,#WeLoveHindi,2,0.0002170374389582203
866,@Peiratesoneirou:,2,0.0002170374389582203
867,b,2,0.0002170374389582203
868,sign,2,0.0002170374389582203
869,asset,2,0.0002170374389582203
870,Mongella,2,0.0002170374389582203
871,horse,2,0.0002170374389582203
872,salute,2,0.0002170374389582203
873,@DrSYQuraishi,2,0.0002170374389582203
874,More,2,0.0002170374389582203
875,@cnn,2,0.0002170374389582203
876,#UN,2,0.0002170374389582203
877,#Just,2,0.0002170374389582203
878,#Maldives!Finally,2,0.0002170374389582203
879,don't,2,0.0002170374389582203
880,Sweet,2,0.0002170374389582203
881,Satyagraha,2,0.0002170374389582203
882,@CBCNews,2,0.0002170374389582203
883,Bhookhadtal,2,0.0002170374389582203
884,president,2,0.0002170374389582203
885,shooting,2,0.0002170374389582203
886,#Bangaldesh,2,0.0002170374389582203
887,archipelago!,2,0.0002170374389582203
888,boycott,2,0.0002170374389582203
889,Corporation,2,0.0002170374389582203
890,#Democracy:#ArunJaitley,2,0.0002170374389582203
891,give,2,0.0002170374389582203
892,v,2,0.0002170374389582203
893,dev,2,0.0002170374389582203
894,#Cuba,2,0.0002170374389582203
895,disappointing,2,0.0002170374389582203
896,opportunist,2,0.0002170374389582203
897,Coming,2,0.0002170374389582203
898,#ISLAM,2,0.0002170374389582203
899,select,2,0.0002170374389582203
900,#Palestine,2,0.0002170374389582203
901,@aditiss_,2,0.0002170374389582203
902,permit,2,0.0002170374389582203
903,http://t.co/Tkh9OJ7i5V,2,0.0002170374389582203
904,arena,2,0.0002170374389582203
905,http://t.co/Y9BhEOT8vK,2,0.0002170374389582203
906,@MintPressNews:,2,0.0002170374389582203
907,25-year,2,0.0002170374389582203
908,Only,2,0.0002170374389582203
909,Branson,2,0.0002170374389582203
910,Don't,2,0.0002170374389582203
911,thriving,2,0.0002170374389582203
912,every,2,0.0002170374389582203
913,Job,2,0.0002170374389582203
914,starting,1,0.00010851871947911015
915,"""If",1,0.00010851871947911015
916,#China.,1,0.00010851871947911015
917,#lobbying,1,0.00010851871947911015
918,Reasons,1,0.00010851871947911015
919,11/8,1,0.00010851871947911015
920,Fernando,1,0.00010851871947911015
921,#VinodMehta,1,0.00010851871947911015
922,#IslandPresident,1,0.00010851871947911015
923,Chavan,1,0.00010851871947911015
924,illegally,1,0.00010851871947911015
925,http://t.co/Qxvg3al28Q,1,0.00010851871947911015
926,whip,1,0.00010851871947911015
927,5,1,0.00010851871947911015
928,@Meerasrini,1,0.00010851871947911015
929,"#equality""",1,0.00010851871947911015
930,#Democrac…,1,0.00010851871947911015
931,evaridi,1,0.00010851871947911015
932,"seek""rule",1,0.00010851871947911015
933,encompass,1,0.00010851871947911015
934,ban...#democracy,1,0.00010851871947911015
935,changing.,1,0.00010851871947911015
936,#IND's,1,0.00010851871947911015
937,Thursday,1,0.00010851871947911015
938,ah,1,0.00010851871947911015
939,pity.,1,0.00010851871947911015
940,"http://t.co/rNhGbsFnkd""",1,0.00010851871947911015
941,piece,1,0.00010851871947911015
942,problem,1,0.00010851871947911015
943,ipudu,1,0.00010851871947911015
944,#editor,1,0.00010851871947911015
945,society,1,0.00010851871947911015
946,versatile,1,0.00010851871947911015
947,hi,1,0.00010851871947911015
948,#Bangladesh.,1,0.00010851871947911015
949,complete,1,0.00010851871947911015
950,@vikramchandra,1,0.00010851871947911015
951,#RaeesNasheedMinivanKurey,1,0.00010851871947911015
952,#conspi…,1,0.00010851871947911015
953,inner,1,0.00010851871947911015
954,@State_DRL,1,0.00010851871947911015
955,@rupasubramanya,1,0.00010851871947911015
956,#society,1,0.00010851871947911015
957,strategy,1,0.00010851871947911015
958,esteem,1,0.00010851871947911015
959,Story,1,0.00010851871947911015
960,happen.,1,0.00010851871947911015
961,documentary,1,0.00010851871947911015
962,#p2,1,0.00010851871947911015
963,act,1,0.00010851871947911015
964,@Kavitamajumdar,1,0.00010851871947911015
965,convenient,1,0.00010851871947911015
966,getting,1,0.00010851871947911015
967,http://t.co/SyorCjIF5B,1,0.00010851871947911015
968,#banocracy.,1,0.00010851871947911015
969,c,1,0.00010851871947911015
970,assembly,1,0.00010851871947911015
971,#Shame,1,0.00010851871947911015
972,Editors,1,0.00010851871947911015
973,best,1,0.00010851871947911015
974,relooped,1,0.00010851871947911015
975,#equality,1,0.00010851871947911015
976,growth,1,0.00010851871947911015
977,#Womenleader…,1,0.00010851871947911015
978,based.,1,0.00010851871947911015
979,twitter,1,0.00010851871947911015
980,MLAs/MPs,1,0.00010851871947911015
981,Democracy,1,0.00010851871947911015
982,making,1,0.00010851871947911015
983,t,1,0.00010851871947911015
984,benefit,1,0.00010851871947911015
985,world..!!,1,0.00010851871947911015
986,@ggiittiikkaa,1,0.00010851871947911015
987,60,1,0.00010851871947911015
988,Newspaper,1,0.00010851871947911015
989,justice,1,0.00010851871947911015
990,#rule?,1,0.00010851871947911015
991,#KOCHROACH,1,0.00010851871947911015
992,bhakts,1,0.00010851871947911015
993,seat.,1,0.00010851871947911015
994,Island,1,0.00010851871947911015
995,@Manoj_K_Yadav:,1,0.00010851871947911015
996,By,1,0.00010851871947911015
997,blog,1,0.00010851871947911015
998,seems,1,0.00010851871947911015
999,@Normsmusic,1,0.00010851871947911015
1000,protecting,1,0.00010851871947911015
1001,Sharif,1,0.00010851871947911015
1002,mfg,1,0.00010851871947911015
1003,legendary,1,0.00010851871947911015
1004,latest,1,0.00010851871947911015
1005,oops,1,0.00010851871947911015
1006,command,1,0.00010851871947911015
1007,Psychological,1,0.00010851871947911015
1008,https://t.co/AGFG0emTUt,1,0.00010851871947911015
1009,vadhe,1,0.00010851871947911015
1010,#5thPillar,1,0.00010851871947911015
1011,#NoKXL,1,0.00010851871947911015
1012,effect,1,0.00010851871947911015
1013,http://t.co/AgwlVCQAV2,1,0.00010851871947911015
1014,of?,1,0.00010851871947911015
1015,underestimate,1,0.00010851871947911015
1016,speech,1,0.00010851871947911015
1017,dictatorship.,1,0.00010851871947911015
1018,Bhakts,1,0.00010851871947911015
1019,#ban,1,0.00010851871947911015
1020,htt…,1,0.00010851871947911015
1021,equal,1,0.00010851871947911015
1022,Largest,1,0.00010851871947911015
1023,dictator,1,0.00010851871947911015
1024,#protest,1,0.00010851871947911015
1025,Raees,1,0.00010851871947911015
1026,@varunanand,1,0.00010851871947911015
1027,see/,1,0.00010851871947911015
1028,value,1,0.00010851871947911015
1029,amend,1,0.00010851871947911015
1030,unlike,1,0.00010851871947911015
1031,@TimesNow,1,0.00010851871947911015
1032,#Venezuela,1,0.00010851871947911015
1033,pol.,1,0.00010851871947911015
1034,work..aka..'I,1,0.00010851871947911015
1035,vadaigannavafai,1,0.00010851871947911015
1036,Madhav,1,0.00010851871947911015
1037,#voters,1,0.00010851871947911015
1038,Guild,1,0.00010851871947911015
1039,check.,1,0.00010851871947911015
1040,peaceful,1,0.00010851871947911015
1041,President.,1,0.00010851871947911015
1042,oppose.,1,0.00010851871947911015
1043,cent,1,0.00010851871947911015
1044,deep,1,0.00010851871947911015
1045,quit,1,0.00010851871947911015
1046,respect,1,0.00010851871947911015
1047,Islands,1,0.00010851871947911015
1048,anti,1,0.00010851871947911015
1049,@scroll_in,1,0.00010851871947911015
1050,'Follow,1,0.00010851871947911015
1051,#landacquisition,1,0.00010851871947911015
1052,freely,1,0.00010851871947911015
1053,http://t.co/rYkskA0AXl,1,0.00010851871947911015
1054,#RapeinKeralaAssembly.,1,0.00010851871947911015
1055,perfect,1,0.00010851871947911015
1056,bought,1,0.00010851871947911015
1057,Autograph,1,0.00010851871947911015
1058,sabotage,1,0.00010851871947911015
1059,#free…,1,0.00010851871947911015
1060,PG,1,0.00010851871947911015
1061,alarming,1,0.00010851871947911015
1062,reform,1,0.00010851871947911015
1063,concern,1,0.00010851871947911015
1064,#Stop…,1,0.00010851871947911015
1065,relative,1,0.00010851871947911015
1066,@singh_dharam,1,0.00010851871947911015
1067,ekkuva,1,0.00010851871947911015
1068,@reassured_soul:,1,0.00010851871947911015
1069,(though,1,0.00010851871947911015
1070,#rightwing,1,0.00010851871947911015
1071,#Law,1,0.00010851871947911015
1072,https://t.co/bH6qv…,1,0.00010851871947911015
1073,प्रकट,1,0.00010851871947911015
1074,@sachin_rt,1,0.00010851871947911015
1075,enriches,1,0.00010851871947911015
1076,debate.,1,0.00010851871947911015
1077,decade,1,0.00010851871947911015
1078,gasping,1,0.00010851871947911015
1079,Under,1,0.00010851871947911015
1080,https://t.co/pcoB7yX11X,1,0.00010851871947911015
1081,#SharifRaj,1,0.00010851871947911015
1082,Once,1,0.00010851871947911015
1083,#the1%,1,0.00010851871947911015
1084,show,1,0.00010851871947911015
1085,http://t.co/CgZhgHOghh,1,0.00010851871947911015
1086,Secret,1,0.00010851871947911015
1087,cloaked,1,0.00010851871947911015
1088,High,1,0.00010851871947911015
1089,http://t.co/yIxZmII14N,1,0.00010851871947911015
1090,Humans,1,0.00010851871947911015
1091,undeniable,1,0.00010851871947911015
1092,failure,1,0.00010851871947911015
1093,#censored,1,0.00010851871947911015
1094,#FundamentalRights?,1,0.00010851871947911015
1095,@thekiranbedi,1,0.00010851871947911015
1096,@PCGTW:,1,0.00010851871947911015
1097,@Aungaungsittwe:,1,0.00010851871947911015
1098,allow,1,0.00010851871947911015
1099,begin,1,0.00010851871947911015
1100,Legislature,1,0.00010851871947911015
1101,takn,1,0.00010851871947911015
1102,Important,1,0.00010851871947911015
1103,#democracy.may,1,0.00010851871947911015
1104,https://t.co/TyeifP5HDG,1,0.00010851871947911015
1105,dictate,1,0.00010851871947911015
1106,supremacist,1,0.00010851871947911015
1107,#IND.,1,0.00010851871947911015
1108,Aroon,1,0.00010851871947911015
1109,amid,1,0.00010851871947911015
1110,KM,1,0.00010851871947911015
1111,@harshvkrm,1,0.00010851871947911015
1112,solutions:,1,0.00010851871947911015
1113,13,1,0.00010851871947911015
1114,पुरी,1,0.00010851871947911015
1115,alam,1,0.00010851871947911015
1116,#Democracy:,1,0.00010851871947911015
1117,#badpolitics,1,0.00010851871947911015
1118,really,1,0.00010851871947911015
1119,http://t.co/AZt1lYFiAQ,1,0.00010851871947911015
1120,2,1,0.00010851871947911015
1121,attack,1,0.00010851871947911015
1122,system,1,0.00010851871947911015
1123,little,1,0.00010851871947911015
1124,tomorrow,1,0.00010851871947911015
1125,World's,1,0.00010851871947911015
1126,देता,1,0.00010851871947911015
1127,@NitinKapoor2020,1,0.00010851871947911015
1128,@SMungantiwar,1,0.00010851871947911015
1129,promotion,1,0.00010851871947911015
1130,biting,1,0.00010851871947911015
1131,@I_Karumba:,1,0.00010851871947911015
1132,Sanghis,1,0.00010851871947911015
1133,mida,1,0.00010851871947911015
1134,Being,1,0.00010851871947911015
1135,tweeting,1,0.00010851871947911015
1136,@nickdebois,1,0.00010851871947911015
1137,growth.,1,0.00010851871947911015
1138,http://t.co/ma5k4UqSFm,1,0.00010851871947911015
1139,है,1,0.00010851871947911015
1140,#Womenleadership,1,0.00010851871947911015
1141,disgraced,1,0.00010851871947911015
1142,superbly,1,0.00010851871947911015
1143,time.,1,0.00010851871947911015
1144,#New!,1,0.00010851871947911015
1145,looking,1,0.00010851871947911015
1146,#money,1,0.00010851871947911015
1147,chaos,1,0.00010851871947911015
1148,http://t.co/pWMWXNH23T,1,0.00010851871947911015
1149,Save,1,0.00010851871947911015
1150,Threaten,1,0.00010851871947911015
1151,ex,1,0.00010851871947911015
1152,Live,1,0.00010851871947911015
1153,#VVIPRacism,1,0.00010851871947911015
1154,treacherous,1,0.00010851871947911015
1155,kani,1,0.00010851871947911015
1156,Bongobondhu,1,0.00010851871947911015
1157,lie,1,0.00010851871947911015
1158,economy,1,0.00010851871947911015
1159,#endban,1,0.00010851871947911015
1160,fuzz,1,0.00010851871947911015
1161,read/write,1,0.00010851871947911015
1162,Marginal,1,0.00010851871947911015
1163,http://t.co/g0uqoPFcRA,1,0.00010851871947911015
1164,&gt;,1,0.00010851871947911015
1165,revealed.,1,0.00010851871947911015
1166,hands,1,0.00010851871947911015
1167,अपने,1,0.00010851871947911015
1168,bay,1,0.00010851871947911015
1169,2015,1,0.00010851871947911015
1170,#47Pa…,1,0.00010851871947911015
1171,Delhi,1,0.00010851871947911015
1172,lo,1,0.00010851871947911015
1173,won't,1,0.00010851871947911015
1174,@Voluntarysm:,1,0.00010851871947911015
1175,Islam,1,0.00010851871947911015
1176,@RichardDawkins,1,0.00010851871947911015
1177,agenda,1,0.00010851871947911015
1178,#AnarchyAssembly,1,0.00010851871947911015
1179,candle-light,1,0.00010851871947911015
1180,finally!!!,1,0.00010851871947911015
1181,Tainted,1,0.00010851871947911015
1182,http://t.co/QwRSjD2TGw,1,0.00010851871947911015
1183,#Shipley,1,0.00010851871947911015
1184,goons?,1,0.00010851871947911015
1185,http://t.co/SERyHKr7dF,1,0.00010851871947911015
1186,है।...,1,0.00010851871947911015
1187,http://t.co/5nY2XJ0kNm,1,0.00010851871947911015
1188,#GAP2015,1,0.00010851871947911015
1189,Party,1,0.00010851871947911015
1190,ma…,1,0.00010851871947911015
1191,agent,1,0.00010851871947911015
1192,Empowering,1,0.00010851871947911015
1193,internet,1,0.00010851871947911015
1194,wrong),1,0.00010851871947911015
1195,car,1,0.00010851871947911015
1196,#anonymous,1,0.00010851871947911015
1197,account,1,0.00010851871947911015
1198,high,1,0.00010851871947911015
1199,Expression,1,0.00010851871947911015
1200,Today's,1,0.00010851871947911015
1201,#50ShadesOfGrey,1,0.00010851871947911015
1202,@madpai,1,0.00010851871947911015
1203,Laser,1,0.00010851871947911015
1204,prev,1,0.00010851871947911015
1205,number?!,1,0.00010851871947911015
1206,&amp;#enterprise,1,0.00010851871947911015
1207,confidence,1,0.00010851871947911015
1208,#SadScene,1,0.00010851871947911015
1209,TL;DR,1,0.00010851871947911015
1210,seriously,1,0.00010851871947911015
1211,"""@suezelle:",1,0.00010851871947911015
1212,wid,1,0.00010851871947911015
1213,#Communist,1,0.00010851871947911015
1214,explain,1,0.00010851871947911015
1215,Out,1,0.00010851871947911015
1216,defeat,1,0.00010851871947911015
1217,trial,1,0.00010851871947911015
1218,Back,1,0.00010851871947911015
1219,larger,1,0.00010851871947911015
1220,brilliant,1,0.00010851871947911015
1221,shove,1,0.00010851871947911015
1222,no..&amp;,1,0.00010851871947911015
1223,My,1,0.00010851871947911015
1224,Freedom,1,0.00010851871947911015
1225,wail,1,0.00010851871947911015
1226,#@itvnews,1,0.00010851871947911015
1227,exercise,1,0.00010851871947911015
1228,.also,1,0.00010851871947911015
1229,Hight,1,0.00010851871947911015
1230,that.,1,0.00010851871947911015
1231,rapist,1,0.00010851871947911015
1232,@ShahnurBegum:,1,0.00010851871947911015
1233,makers,1,0.00010851871947911015
1234,pedda,1,0.00010851871947911015
1235,https://t.co/6vytlB8ikX,1,0.00010851871947911015
1236,video,1,0.00010851871947911015
1237,State,1,0.00010851871947911015
1238,installing,1,0.00010851871947911015
1239,#StreisandEffect,1,0.00010851871947911015
1240,documentary.,1,0.00010851871947911015
1241,#stopblamingthevictim,1,0.00010851871947911015
1242,Here's,1,0.00010851871947911015
1243,@TheElders:,1,0.00010851871947911015
1244,:D,1,0.00010851871947911015
1245,@CMShehbaz,1,0.00010851871947911015
1246,betterment,1,0.00010851871947911015
1247,lynch,1,0.00010851871947911015
1248,continues,1,0.00010851871947911015
1249,billionaire,1,0.00010851871947911015
1250,torture,1,0.00010851871947911015
1251,murderous,1,0.00010851871947911015
1252,#NirbhayaInsulted,1,0.00010851871947911015
1253,लड़ाई,1,0.00010851871947911015
1254,http://t.co/ZSJvFof5nY,1,0.00010851871947911015
1255,certainly,1,0.00010851871947911015
1256,illegible,1,0.00010851871947911015
1257,Dumbass,1,0.00010851871947911015
1258,#terrorism,1,0.00010851871947911015
1259,dance,1,0.00010851871947911015
1260,restraining,1,0.00010851871947911015
1261,breadth,1,0.00010851871947911015
1262,#absolute,1,0.00010851871947911015
1263,notion,1,0.00010851871947911015
1264,#ArvindKejriwal,1,0.00010851871947911015
1265,happening,1,0.00010851871947911015
1266,“@jasuja:,1,0.00010851871947911015
1267,https://t.co/U6cGBtKy6j,1,0.00010851871947911015
1268,tappu,1,0.00010851871947911015
1269,#quotapolitics,1,0.00010851871947911015
1270,विचारों,1,0.00010851871947911015
1271,meaning,1,0.00010851871947911015
1272,let's,1,0.00010851871947911015
1273,kottukuntunnaru,1,0.00010851871947911015
1274,#FreeNasheedNow,1,0.00010851871947911015
1275,.@RegaJha:,1,0.00010851871947911015
1276,protester,1,0.00010851871947911015
1277,#Genocide,1,0.00010851871947911015
1278,reality,1,0.00010851871947911015
1279,Handle,1,0.00010851871947911015
1280,profit.,1,0.00010851871947911015
1281,@RealityCrowdTV:,1,0.00010851871947911015
1282,facilitator,1,0.00010851871947911015
1283,influence,1,0.00010851871947911015
1284,stronger,1,0.00010851871947911015
1285,disgrace,1,0.00010851871947911015
1286,#Kashmir,1,0.00010851871947911015
1287,us,1,0.00010851871947911015
1288,rape.,1,0.00010851871947911015
1289,everyw,1,0.00010851871947911015
1290,"with""win""4",1,0.00010851871947911015
1291,#Arakan,1,0.00010851871947911015
1292,:,1,0.00010851871947911015
1293,#MUST,1,0.00010851871947911015
1294,way,1,0.00010851871947911015
1295,&lt;,1,0.00010851871947911015
1296,ust,1,0.00010851871947911015
1297,Mocking,1,0.00010851871947911015
1298,live,1,0.00010851871947911015
1299,#FreeRaeesNasheed,1,0.00010851871947911015
1300,behaving,1,0.00010851871947911015
1301,#HappeningNow,1,0.00010851871947911015
1302,Islanders,1,0.00010851871947911015
1303,ensur,1,0.00010851871947911015
1304,http://t.co/TDZtJght9H,1,0.00010851871947911015
1305,Nasheed's,1,0.00010851871947911015
1306,undermining,1,0.00010851871947911015
1307,low!,1,0.00010851871947911015
1308,#StepDownHasina,1,0.00010851871947911015
1309,#Hindu,1,0.00010851871947911015
1310,@annavetticad,1,0.00010851871947911015
1311,commie,1,0.00010851871947911015
1312,"book""2act",1,0.00010851871947911015
1313,bk,1,0.00010851871947911015
1314,#KeralaAssembly,1,0.00010851871947911015
1315,Its,1,0.00010851871947911015
1316,Voting,1,0.00010851871947911015
1317,nationals.They,1,0.00010851871947911015
1318,anna,1,0.00010851871947911015
1319,#SaveBangladesh,1,0.00010851871947911015
1320,behave,1,0.00010851871947911015
1321,Ths.Tough,1,0.00010851871947911015
1322,@lychalicious:,1,0.00010851871947911015
1323,R.I.P.,1,0.00010851871947911015
1324,@The_OSB:,1,0.00010851871947911015
1325,#RTI,1,0.00010851871947911015
1326,delivered,1,0.00010851871947911015
1327,night,1,0.00010851871947911015
1328,50,1,0.00010851871947911015
1329,fisticuffs,1,0.00010851871947911015
1330,background,1,0.00010851871947911015
1331,#Greece,1,0.00010851871947911015
1332,bid,1,0.00010851871947911015
1333,loss,1,0.00010851871947911015
1334,#vvip..,1,0.00010851871947911015
1335,gave,1,0.00010851871947911015
1336,surprised,1,0.00010851871947911015
1337,save,1,0.00010851871947911015
1338,#TPP,1,0.00010851871947911015
1339,#Bangladesh,1,0.00010851871947911015
1340,yes,1,0.00010851871947911015
1341,Mani,1,0.00010851871947911015
1342,HAI..,1,0.00010851871947911015
1343,#Irony,1,0.00010851871947911015
1344,@joanryanEnfield,1,0.00010851871947911015
1345,करने,1,0.00010851871947911015
1346,yea,1,0.00010851871947911015
1347,#ClimateChange,1,0.00010851871947911015
1348,birth,1,0.00010851871947911015
1349,33,1,0.00010851871947911015
1350,genuinely,1,0.00010851871947911015
1351,@Dev_Fadnavis,1,0.00010851871947911015
1352,@WhirlingDervesh,1,0.00010851871947911015
1353,afraid,1,0.00010851871947911015
1354,@Pratham_India,1,0.00010851871947911015
1355,evil,1,0.00010851871947911015
1356,मजबुती,1,0.00010851871947911015
1357,http://t.co/vCEng9CFcV,1,0.00010851871947911015
1358,nil,1,0.00010851871947911015
1359,Of,1,0.00010851871947911015
1360,#rapeisreligion,1,0.00010851871947911015
1361,forty-plus,1,0.00010851871947911015
1362,#ENGvBAN,1,0.00010851871947911015
1363,@rrthakur,1,0.00010851871947911015
1364,throat,1,0.00010851871947911015
1365,@b50,1,0.00010851871947911015
1366,agitation,1,0.00010851871947911015
1367,reinventions,1,0.00010851871947911015
1368,@trcfwtt,1,0.00010851871947911015
1369,voice,1,0.00010851871947911015
1370,kada,1,0.00010851871947911015
1371,suppose,1,0.00010851871947911015
1372,969,1,0.00010851871947911015
1373,#7Mar1971,1,0.00010851871947911015
1374,politician,1,0.00010851871947911015
1375,toppling,1,0.00010851871947911015
1376,Can't,1,0.00010851871947911015
1377,Henrique,1,0.00010851871947911015
1378,#Crowdfunding,1,0.00010851871947911015
1379,Nawaz,1,0.00010851871947911015
1380,else,1,0.00010851871947911015
1381,Nirbhaya,1,0.00010851871947911015
1382,modern,1,0.00010851871947911015
1383,VouliWatch,1,0.00010851871947911015
1384,pe,1,0.00010851871947911015
1385,@SkySportsNewsHQ,1,0.00010851871947911015
1386,#LordMeghnadDesai,1,0.00010851871947911015
1387,poverty.,1,0.00010851871947911015
1388,#GOP,1,0.00010851871947911015
1389,written,1,0.00010851871947911015
1390,whatever,1,0.00010851871947911015
1391,@JamesKennedyUK:,1,0.00010851871947911015
1392,Mr,1,0.00010851871947911015
1393,point,1,0.00010851871947911015
1394,Parliamentary,1,0.00010851871947911015
1395,Mohamed,1,0.00010851871947911015
1396,let,1,0.00010851871947911015
1397,http://t.co/8GmENmxRWs,1,0.00010851871947911015
1398,ade,1,0.00010851871947911015
1399,declare,1,0.00010851871947911015
1400,@MohamedNasheed,1,0.00010851871947911015
1401,Diya,1,0.00010851871947911015
1402,cow,1,0.00010851871947911015
1403,last,1,0.00010851871947911015
1404,@Bombay_Canteen,1,0.00010851871947911015
1405,faced,1,0.00010851871947911015
1406,anti-Islamist,1,0.00010851871947911015
1407,#beefban,1,0.00010851871947911015
1408,now..,1,0.00010851871947911015
1409,incident,1,0.00010851871947911015
1410,Budget,1,0.00010851871947911015
1411,lazy,1,0.00010851871947911015
1412,knowing,1,0.00010851871947911015
1413,Purie,1,0.00010851871947911015
1414,'Revoke,1,0.00010851871947911015
1415,case,1,0.00010851871947911015
1416,BCCI.,1,0.00010851871947911015
1417,http://t.co/SqWU4GNxAO,1,0.00010851871947911015
1418,.it,1,0.00010851871947911015
1419,John,1,0.00010851871947911015
1420,led,1,0.00010851871947911015
1421,result,1,0.00010851871947911015
1422,#censorship,1,0.00010851871947911015
1423,culture,1,0.00010851871947911015
1424,sex,1,0.00010851871947911015
1425,#EndCorruption,1,0.00010851871947911015
1426,common,1,0.00010851871947911015
1427,situation.,1,0.00010851871947911015
1428,disco,1,0.00010851871947911015
1429,@ARNABGOSWAMl,1,0.00010851871947911015
1430,#AdarshLiberal,1,0.00010851871947911015
1431,enemy,1,0.00010851871947911015
1432,#Fracking,1,0.00010851871947911015
1433,Govt,1,0.00010851871947911015
1434,@SophieCo_RT:,1,0.00010851871947911015
1435,di,1,0.00010851871947911015
1436,#world.,1,0.00010851871947911015
1437,#47Traitors,1,0.00010851871947911015
1438,Protest.,1,0.00010851871947911015
1439,criticising,1,0.00010851871947911015
1440,#freedomofspeech,1,0.00010851871947911015
1441,Leader',1,0.00010851871947911015
1442,@350,1,0.00010851871947911015
1443,facilitator4,1,0.00010851871947911015
1444,में,1,0.00010851871947911015
1445,@BDUTT,1,0.00010851871947911015
1446,#INC,1,0.00010851871947911015
1447,#EnglishCulture,1,0.00010851871947911015
1448,came,1,0.00010851871947911015
1449,attacking,1,0.00010851871947911015
1450,Want,1,0.00010851871947911015
1451,barred,1,0.00010851871947911015
1452,http://t.co/9eU3ZNQ7m8,1,0.00010851871947911015
1453,Institutional,1,0.00010851871947911015
1454,QT,1,0.00010851871947911015
1455,ka,1,0.00010851871947911015
1456,Documentary:,1,0.00010851871947911015
1457,see.,1,0.00010851871947911015
1458,Let,1,0.00010851871947911015
1459,do?,1,0.00010851871947911015
1460,:Contrary,1,0.00010851871947911015
1461,banned.#Democracy,1,0.00010851871947911015
1462,यही,1,0.00010851871947911015
1463,@htTweets,1,0.00010851871947911015
1464,https://t.co/bH6qvNMjMR.,1,0.00010851871947911015
1465,vanee,1,0.00010851871947911015
1466,mind,1,0.00010851871947911015
1467,rao,1,0.00010851871947911015
1468,@PankajPachauri,1,0.00010851871947911015
1469,#FTIL…,1,0.00010851871947911015
1470,treated,1,0.00010851871947911015
1471,खुबसुरती,1,0.00010851871947911015
1472,budget,1,0.00010851871947911015
1473,stp,1,0.00010851871947911015
1474,fabulous,1,0.00010851871947911015
1475,MLAs..!!,1,0.00010851871947911015
1476,decided,1,0.00010851871947911015
1477,white,1,0.00010851871947911015
1478,India',1,0.00010851871947911015
1479,Do,1,0.00010851871947911015
1480,Thankfully!!,1,0.00010851871947911015
1481,#CivilRights,1,0.00010851871947911015
1482,#gurus,1,0.00010851871947911015
1483,http://t.co/KuoIPuI2Bc,1,0.00010851871947911015
1484,Feels,1,0.00010851871947911015
1485,http://t.co/NfSdja5Bdu,1,0.00010851871947911015
1486,"""",1,0.00010851871947911015
1487,Bharat,1,0.00010851871947911015
1488,another,1,0.00010851871947911015
1489,done,1,0.00010851871947911015
1490,@ArunMaira,1,0.00010851871947911015
1491,number,1,0.00010851871947911015
1492,meet,1,0.00010851871947911015
1493,too.,1,0.00010851871947911015
1494,http://t.co/kmYEdfzj4x,1,0.00010851871947911015
1495,"drama.""",1,0.00010851871947911015
1496,oppose,1,0.00010851871947911015
1497,#farmers,1,0.00010851871947911015
1498,#Bhakt,1,0.00010851871947911015
1499,Drama,1,0.00010851871947911015
1500,ntr,1,0.00010851871947911015
1501,#Xinhua,1,0.00010851871947911015
1502,saudi,1,0.00010851871947911015
1503,to',1,0.00010851871947911015
1504,Discharge,1,0.00010851871947911015
1505,#RSS,1,0.00010851871947911015
1506,Waah.,1,0.00010851871947911015
1507,neo-colonial,1,0.00010851871947911015
1508,logo,1,0.00010851871947911015
1509,are...,1,0.00010851871947911015
1510,kottukovatle,1,0.00010851871947911015
1511,priority?”,1,0.00010851871947911015
1512,idea,1,0.00010851871947911015
1513,everyone,1,0.00010851871947911015
1514,heavy,1,0.00010851871947911015
1515,isn't,1,0.00010851871947911015
1516,Check,1,0.00010851871947911015
1517,#Saltaire,1,0.00010851871947911015
1518,acoustic,1,0.00010851871947911015
1519,govts,1,0.00010851871947911015
1520,Ratna,1,0.00010851871947911015
1521,guys!,1,0.00010851871947911015
1522,Challenge,1,0.00010851871947911015
1523,it.,1,0.00010851871947911015
1524,govt.,1,0.00010851871947911015
1525,might,1,0.00010851871947911015
1526,Judge,1,0.00010851871947911015
1527,feel,1,0.00010851871947911015
1528,@vouliwatch,1,0.00010851871947911015
1529,Biggest,1,0.00010851871947911015
1530,affect,1,0.00010851871947911015
1531,Forces,1,0.00010851871947911015
1532,scientist,1,0.00010851871947911015
1533,atmosphere,1,0.00010851871947911015
1534,held,1,0.00010851871947911015
1535,televise,1,0.00010851871947911015
1536,that's,1,0.00010851871947911015
1537,order,1,0.00010851871947911015
1538,UK.,1,0.00010851871947911015
1539,#freedom?,1,0.00010851871947911015
1540,@manojhariharan,1,0.00010851871947911015
1541,Everyone,1,0.00010851871947911015
1542,both!,1,0.00010851871947911015
1543,beauty,1,0.00010851871947911015
1544,minority,1,0.00010851871947911015
1545,http://t.co/1NBxtF7fWl,1,0.00010851871947911015
1546,Dreams,1,0.00010851871947911015
1547,आपको,1,0.00010851871947911015
1548,reject,1,0.00010851871947911015
1549,@KhawarWraich:,1,0.00010851871947911015
1550,http://t.co/4iO8XYtvq8,1,0.00010851871947911015
1551,#Election2015,1,0.00010851871947911015
1552,feature,1,0.00010851871947911015
1553,needs,1,0.00010851871947911015
1554,keep,1,0.00010851871947911015
1555,support!,1,0.00010851871947911015
1556,share,1,0.00010851871947911015
1557,#Mearsheimer,1,0.00010851871947911015
1558,history,1,0.00010851871947911015
1559,horses.,1,0.00010851871947911015
1560,horses…,1,0.00010851871947911015
1561,Now,1,0.00010851871947911015
1562,#internet,1,0.00010851871947911015
1563,adult,1,0.00010851871947911015
1564,Cardoso,1,0.00010851871947911015
1565,initiated,1,0.00010851871947911015
1566,@bulandnirmesh:,1,0.00010851871947911015
1567,tell,1,0.00010851871947911015
1568,dnt,1,0.00010851871947911015
1569,Parliam…,1,0.00010851871947911015
1570,cornerstone,1,0.00010851871947911015
1571,@dixitsudhir12:,1,0.00010851871947911015
1572,#Burma,1,0.00010851871947911015
1573,Where,1,0.00010851871947911015
1574,विचार,1,0.00010851871947911015
1575,#itsyourfault,1,0.00010851871947911015
1576,Joke,1,0.00010851871947911015
1577,action,1,0.00010851871947911015
1578,@Kareem_CPT,1,0.00010851871947911015
1579,@Carolineclub.,1,0.00010851871947911015
1580,experience,1,0.00010851871947911015
1581,Gradual,1,0.00010851871947911015
1582,स्वतंत्रता,1,0.00010851871947911015
1583,#bhaktlogic,1,0.00010851871947911015
1584,#FacistGovt,1,0.00010851871947911015
1585,@MahenMayekar:,1,0.00010851871947911015
1586,Feelings.,1,0.00010851871947911015
1587,#disregard,1,0.00010851871947911015
1588,21st,1,0.00010851871947911015
1589,#Rohingya,1,0.00010851871947911015
1590,public,1,0.00010851871947911015
1591,Put,1,0.00010851871947911015
1592,reform:,1,0.00010851871947911015
1593,circumstance,1,0.00010851871947911015
1594,@SaltaireTrees:,1,0.00010851871947911015
1595,pro-Western,1,0.00010851871947911015
1596,gathering,1,0.00010851871947911015
1597,even,1,0.00010851871947911015
1598,street,1,0.00010851871947911015
1599,Tolls,1,0.00010851871947911015
1600,#BJP😁,1,0.00010851871947911015
1601,leakiest,1,0.00010851871947911015
1602,#ISDS,1,0.00010851871947911015
1603,throbbing,1,0.00010851871947911015
1604,#Hindutva,1,0.00010851871947911015
1605,http://t.co/pVLipm9AnQ,1,0.00010851871947911015
1606,issue,1,0.00010851871947911015
1607,Campaign,1,0.00010851871947911015
1608,Likely?,1,0.00010851871947911015
1609,regret.,1,0.00010851871947911015
1610,condition,1,0.00010851871947911015
1611,decide,1,0.00010851871947911015
1612,rise,1,0.00010851871947911015
1613,woman,1,0.00010851871947911015
1614,@,1,0.00010851871947911015
1615,#Syriza,1,0.00010851871947911015
1616,teaching,1,0.00010851871947911015
1617,voted,1,0.00010851871947911015
1618,@ArjunSpielberg:,1,0.00010851871947911015
1619,Watch,1,0.00010851871947911015
1620,tweet,1,0.00010851871947911015
1621,#Individual,1,0.00010851871947911015
1622,http://t.co/CHAhEzx0vt,1,0.00010851871947911015
1623,saved,1,0.00010851871947911015
1624,pty,1,0.00010851871947911015
1625,http://t.co/zKdMdBIDQT,1,0.00010851871947911015
1626,month,1,0.00010851871947911015
1627,better.,1,0.00010851871947911015
1628,ever.,1,0.00010851871947911015
1629,@BBCNews,1,0.00010851871947911015
